product_code,description,type,brand,total_revenue,avg_transaction,total_units
3620000250,RAGU TRADITIONAL PLAIN,Type 3,Ragu,32278.21,1.8753317452939808,22611
5100002549,PREGO REG SPAGHETTI SAUCE,Type 3,Prego,22301.7,2.183658082835602,12241
3000005970,AUNT JEMIMA ORIGINL SYRUP,Type 4,Aunt Jemima,21914.7,3.2076551522248247,6952
9999967727,PRIVATE LABEL SYRUP PLASTIC BOTTLE,Type 4,Private Label,19147.98,1.7615436982520698,11909
3620000300,RAGU OWS SPAG SAUCE MEAT,Type 3,Ragu,18702.57,1.8154309842748981,13724
9999985020,PRIVATE LABEL THIN SPAGHETTI,Type 2,Private Label,16691.32,0.9268836072856508,22364
9999985004,PRIVATE LABEL SPAGHETTI REGULAR,Type 2,Private Label,16344.210000000001,0.9233495282752388,21971
3000005300,AJ BUTTERMILK PANCAKE MIX,Type 1,Aunt Jemima,15863.66,2.2498454119982982,7287
3620001369,RAGU\CHZ CREATION ALFRDO,Type 3,Ragu,15848.4,2.166561859193438,9664
3620001401,RAGU SPAGH SAUCE PLAIN,Type 3,Ragu,15738.45,3.3063970588235296,5490
9999981816,PRIVATE LABEL MAPLE SYRUP,Type 4,Private Label Premium,15718.400000000001,4.168231238398303,4206
4420979129,MRS BUTTERWORTH SYRUP,Type 4,Mrs Butterworth,15693.04,3.091615445232467,5162
3620000444,RAGU SPAG SCE ITAL GRD CO,Type 3,Ragu,14970.74,1.8183821207336328,10386
9999985068,PRIVATE LABEL ANGEL HAIR Type 2,Type 2,Private Label,14636.28,0.9919539139274822,19528
5100002511,PREGO SPAG SAUCE PLAIN,Type 3,Prego,14001.130000000001,3.171263873159683,5059
9999985051,PRIVATE LABEL SPAGHETTI THIN,Type 2,Private Label,13649.29,1.5435135135135136,9445
3620000440,RAGU\TOMATO GRLC/ONION SC,Type 3,Ragu,12530.9,1.7569966348850252,8826
9999985005,PRIVATE LABEL SPAGHETTI REGULAR,Type 2,Private Label,12368.6,1.4063217737350768,9402
2700042238,HUNT TRADITIONAL SAUCE,Type 3,Hunt's,12061.01,1.353496801705757,11940
4300000037,LOG CABIN SYRUP REG,Type 4,Log Cabin,12045.41,3.4894003476245654,3511
9999985006,PRIVATE LABEL SPAGHETTI REGULAR,Type 2,Private Label,11884.29,1.9662954996690936,6450
3620000468,RAGU\HEARTY ONION/GARLIC,Type 3,Ragu,11859.76,1.7448521406502868,8064
9999985027,PRIVATE LABEL LASAGNA Type 2,Type 2,Private Label,11764.01,1.3614176599930563,10518
3620001397,RAGU MAMAS MEAT SAUCE,Type 3,Ragu,11194.15,3.2428012746234067,3795
9999985060,PRIVATE LABEL THIN SPAGHETTI,Type 2,Private Label,11114.17,1.9594799012693935,6005
3620000441,RAGU SPAG SCE GRN PEPP&MU,Type 3,Ragu,11084.34,1.7483186119873817,7576
9999966070,PRIVATE LABEL BUTTERED SYRUP,Type 4,Private Label,11056.51,1.7622744660503666,6917
3620000445,RAGU GS SUPER MUSHROOM,Type 3,Ragu,11030.82,1.7426255924170615,7861
3000005620,QUAKER AUNT JAM BUTR LITE,Type 4,Aunt Jemima,10956.2,3.2328710534080853,3498
601011296,BARILLA BASILICO SAUCE,Type 3,Barilla,10720.26,2.7736765847347997,4802
3000005040,AUNT JEM ORIGINAL PANCAKE MIX,Type 1,Aunt Jemima,10637.86,2.302068816273534,4789
4112907712,CLSCO SAUCE TOMATOE BASIL,Type 3,Classico,10518.99,2.9951566059225514,4185
3620000480,RAGU HEARTY ITAL PSTA SCE,Type 3,Ragu,10436.75,1.703681031668299,7559
3620000446,RAGU GARDEN SUPER VEG SCE,Type 3,Ragu,9927.36,1.8552345356008224,6838
3000005940,A J BUTTER RICH SYRUP,Type 4,Aunt Jemima,9919.76,3.2385765589291546,3118
9999985021,PRIVATE LABEL ELBO MACARONI,Type 2,Private Label,9919.64,0.8923749550197912,13224
3620000464,RAGU ROBUSTO PARM ROMANO,Type 3,Ragu,9917.15,1.6592186715743684,7271
1800000956,PILL H J MMV REG SYRUP,Type 4,Hungry Jack,9867.67,3.399128487771271,2964
5100002794,PREGO SPAG SAUCE MEAT,Type 3,Prego,9822.289999999999,2.216220667870036,5469
3620000350,RAGU TRADITIONAL MUSHROOM,Type 3,Ragu,9486.13,1.6813417227933356,7036
9999985061,PRIVATE LABEL ELBOW MACARONI,Type 2,Private Label,9384.59,1.96741928721174,5058
3000005800,AUNT JEMIMA LITE SYRUP,Type 4,Aunt Jemima,9377.71,3.215949931412894,2977
5100002797,PREGO MUSHROOM SPAG SAUCE,Type 3,Prego,9241.380000000001,3.0681872509960164,3376
3000003690,ANT JEMIMA CONTRY RICH SY,Type 4,Aunt Jemima,9229.13,1.9632269729844711,4807
9999985052,PRIVATE LABEL ELBOW MACARONI,Type 2,Private Label,9060.48,1.4225906735751295,6760
601011292,BARILLA MARINARA PSTA SCE,Type 3,Barilla,9026.52,2.8438941398865785,3999
3620001494,RAGU SAUTEE ONION SPAG SC,Type 3,Ragu,8916.91,3.237803195352215,3162
3620000482,RAGU HEARTY SAUT ON/MUSH,Type 3,Ragu,8891.1,1.623352200109549,6333
4112907763,CLASSICO ALFREDO DI ROMA,Type 3,Classico,8875.8,3.033424470266575,3562
9999967728,PRIVATE LABEL LITE PANCAKE SYRUP,Type 4,Private Label,8746.24,1.749248,5468
3620001499,RAGU SUPER MUSHRM SPGH SC,Type 3,Ragu,8673.36,3.1782191278856726,3052
3620000474,BERTOLLI ALFREDO SAUCE,Type 3,Bertolli,8565.27,3.402967818831943,2930
601011588,BARILLA BOSCAIOLA SAUCE,Type 3,Barilla,8412.92,2.6167713841368583,3784
1510000001,CRMET ELBW MACARONI SMALL,Type 2,Creamette,8399.57,2.659775174160861,3941
2700042274,HUNTS SPAG SCE GARLIC/HER,Type 3,Hunt's,8381.17,1.2949891841779975,8261
5100015055,PREGO HEARTY MT MEATBALL,Type 3,Prego,8201.52,2.6020050761421323,3601
1800028064,H J PANCK BTRMLK COMP MIX,Type 1,Hungry Jack,7940.79,2.108547530536378,3908
9999985261,PRIVATE LABEL COMPLETE PANCAKE MIX,Type 1,Private Label,7901.14,1.4200467289719627,5916
3000005070,A/JEM COMPLETE PANCAKE MI,Type 1,Aunt Jemima,7881.59,2.309285086434222,3536
9999985126,PRIVATE LABEL EXTRA WIDE NOODLES,Type 2,Private Label,7833.24,1.1347588005215123,7874
4112907700,CLSCO SAUCE TOMATO/GARLIC,Type 3,Classico,7827.0,2.8276734104046244,3141
3340061280,LGT N FLUFFY XWIDE EGG ND,Type 2,San Giorgio,7795.2300000000005,1.5142249417249418,5969
3620001375,RAGU ROBUSTO SIX CHEESE,Type 3,Ragu,7769.54,1.6537973605789698,5569
6172005110,KARO RED LABEL SYRUP,Type 4,Karo,7640.67,2.2612222551050607,3654
3620001411,RAGU MEAT SPAGHETTI SAUCE,Type 3,Ragu,7577.39,3.2465252784918595,2642
5100002796,PREGO MUSHROOM SPAG SAUCE,Type 3,Prego,7572.2699999999995,2.0941012168141593,4328
7151800016,*HODGE WHEAT SPAGHETTI,Type 2,Hodgson Mills,7568.74,2.163115175764504,3906
1800000957,PILL H J MWV LITE SYRUP,Type 4,Hungry Jack,7529.37,3.428674863387978,2262
5100015056,PREGO HEARTY MT ITALIAN S,Type 3,Prego,7298.14,2.5589551192145863,3212
7680850106,BARILLA ANGEL HAIR,Type 2,Barilla,7255.61,1.2419736391646696,7624
2700042240,HNT MEAT SPAGHETTI SAUCE,Type 3,Hunt's,7231.23,1.3295146166574736,7333
5100005044,PREGO GARDEN COMBINATON,Type 3,Prego,7205.36,2.063390607101947,4016
9999967648,PRIVATE LABEL HONEY MAPLE SYRUP,Type 4,Private Label,7205.01,1.7424449818621524,4488
1800028067,H J PANCK MX EX LITE COMP,Type 1,Hungry Jack,7200.5599999999995,2.121555686505598,3508
5100001214,PREGO TOM/ONION/GARLIC SC,Type 3,Prego,7134.5,2.097148736037625,3948
7680828009,BARILLA THIN SPAGHETTI PS,Type 2,Barilla,7130.2,1.2134445200816881,7643
3620000217,RAGU CHS CREATN PARM MOZZ,Type 3,Ragu,7086.4,1.996169014084507,4522
5100001588,CLUB-1PREGO SPAG SAUCE,Type 3,Prego,7046.660000000001,4.393179551122195,1774
2920000212,MUELLER SPAGHETTI,Type 2,Mueller,7031.89,1.107384251968504,8803
1510000163,CREAMETTE SPAGHETTI THIN,Type 2,Creamette,7006.64,1.1847548190733852,7017
2066200020,NEWMANS MARINARA SAUCE,Type 3,Newman's,6959.820000000001,2.889090909090909,2840
7680828008,BARILLA SPAGHETTI Type 2,Type 2,Barilla,6943.84,1.2333641207815276,7344
3620000488,RAGU ROBUSTO RSTD GARLIC,Type 3,Ragu,6838.28,1.624680446661915,4850
3620001398,RAGU HEARTY MT CLASSIC IT,Type 3,Ragu,6818.45,3.145041512915129,2335
3620001365,RAGU TOM BASIL/ITAL,Type 3,Ragu,6781.54,1.6016863486065187,4821
3620001495,(S)RAGU CHNKY GRDNSTYL GR,Type 3,Ragu,6680.360000000001,3.1422201317027283,2350
4112907764,CLSCO ALFREDO ROAST GARLC,Type 3,Classico,6628.33,2.9225440917107584,2655
4420979347,M BUTTWRTH ORIGINAL SYRUP,Type 4,Mrs Butterworth,6533.1,4.546346555323591,1455
1510000031,CREAMETTE LASAGNA MACR,Type 2,Creamette,6513.67,1.863711015736767,3999
9999985029,PRIVATE LABEL FETTUCCINI,Type 2,Private Label,6468.76,0.9832436540507676,8732
2066200022,NEWMANS\SOCKAROONI SAUCE,Type 3,Newman's,6213.530000000001,2.8476306141154906,2554
2700042273,HUNT SPAG SCE ITAL 4 CHSE,Type 3,Hunt's,6208.12,1.280288719323572,6181
9999985001,PRIVATE LABEL THIN SPAGHETTI,Type 2,Private Label,6100.33,0.6044119686911721,12665
4420929024,MRS BUTTERWORTH LITE SYRU,Type 4,Mrs Butterworth,6088.25,3.109422880490296,2004
4112927445,CLSCO CABERNET MARINARA,Type 3,Classico,6066.13,2.7460977818017205,2449
1510000007,CREAMETTE ELBOW MACARONI,Type 2,Creamette,6065.22,1.1517698442840867,5829
1510000043,CREAMETTE SPAGHETTI,Type 2,Creamette,6001.55,1.1758522727272727,5975
4112907775,CLSCO SPICY TOMATO SAUCE,Type 3,Classico,5977.66,2.7841918956683744,2390
2700042239,HUNTS SPAG.SAUCE MUSHROOM,Type 3,Hunt's,5935.0,1.23030679933665,5938
4112907702,CLSCO SAUCE ITALIAN SAUSG,Type 3,Classico,5818.13,2.870315737543167,2372
4112907762,CLASSICO FOUR CHEESE SCE,Type 3,Classico,5813.33,2.999654282765738,2299
9999981821,PRIVATE LABEL 100% PURE MAPLE SYRUP,Type 4,Private Label Premium,5729.87,3.3158969907407405,1872
3000005960,A/JEM SYRUP ORIGINAL,Type 4,Aunt Jemima,5724.46,4.420432432432433,1334
5100012910,PREGO RSTD GRLC/HRB SAUCE,Type 3,Prego,5721.5,2.071506154960174,3172
2920000214,MUELLER THIN SPAGHETI,Type 2,Mueller,5712.89,1.078921624173749,7185
2920000213,MUELLER ELBOW MACARONI,Type 2,Mueller,5666.27,1.0900865717583688,6659
5100015057,PREGO HEARTY MT FRSH MUSH,Type 3,Prego,5606.53,2.495117935024477,2527
3620000470,BERTOLLI TOM&BASIL SAUCE,Type 3,Bertolli,5602.78,3.2274078341013825,1958
9999966715,PRIVATE LABEL SPAG SCE TRADITIONAL,Type 3,Private Label,5589.88,1.5575034828643077,4516
9999985067,PRIVATE LABEL VERMICELLI,Type 2,Private Label,5554.52,0.9867685201634394,7433
4112907722,CLASSICO MUSH&RIPE OLIVES,Type 3,Classico,5533.25,2.8595607235142118,2226
9999971306,PRIVATE LABEL HS SPAG SAUCE TOM/BAS,Type 3,Private Label,5504.0,1.5460674157303371,4342
9999985071,PRIVATE LABEL SALAD ROTINI BAG,Type 2,Private Label,5498.29,0.9652896769662921,6730
9999985127,PRIVATE LABEL WIDE EGG NOODLES,Type 2,Private Label,5479.62,1.1016525934861279,5532
7680828073,BARILLA PENNE RIGATE,Type 2,Barilla,5415.0199999999995,1.1600299914310197,5504
9999985033,PRIVATE LABEL PENNE RIGATE,Type 2,Private Label,5376.9800000000005,1.0212687559354228,6228
1800000958,PILL H J BUTTER SYRUP,Type 4,Hungry Jack,5296.32,3.3756022944550668,1587
2920000301,MUELLER LASAGNE,Type 2,Mueller,5267.89,1.84968047752809,3875
3620000218,RAGU CC DBL CHEDDAR,Type 3,Ragu,5166.74,1.9833934740882917,3397
9999985072,PRIVATE LABEL RAINBOW SALAD TWIRLS BAG,Type 2,Private Label,5152.17,1.179796198763453,5501
5100012911,PREGO ITALIAN SAUSAGE,Type 3,Prego,5118.84,2.10738575545492,2844
4112907742,CLASSICO SPICY RED PEPPER,Type 3,Classico,5059.77,2.845764904386952,2033
4112907769,CLASSICO SUN DRIED TOMATO,Type 3,Classico,5013.15,2.906173913043478,2011
9999968191,PRIVATE LABEL ORIG SPAG SAUCE TRAD,Type 3,Private Label,4924.6,3.004636973764491,2097
9999967725,PRIVATE LABEL PANCAKE SYRUP,Type 4,Private Label,4905.59,1.433963753288512,3460
3620000473,BERTOLI MRNRA W/BURG WN S,Type 3,Bertolli,4904.83,3.302915824915825,1677
7468300554,COZY COTTAGE SYRUP S/FREE,Type 4,Cozy Cottage,4879.56,3.255210140093396,1578
9999985260,PRIVATE LABEL COMPLETE PANCAKE MIX,Type 1,Private Label,4871.07,1.4057922077922078,3661
601011297,BARILLA CHAMAPNOLA SAUCE,Type 3,Barilla,4854.34,2.4114952806756085,2363
9999967496,PRIVATE LABEL PANCAKE SYRUP,Type 4,Private Label,4840.88,2.8375615474794844,1820
3620001396,RAGU HEARTY MT SSG/PEP/ON,Type 3,Ragu,4815.3,3.143146214099217,1663
5100001212,PREGO MUSHROOM & GARLIC,Type 3,Prego,4777.69,2.0040645973154363,2643
9999985128,PRIVATE LABEL MEDIUM NOODLES,Type 2,Private Label,4745.06,1.1009419953596289,4748
4112927200,CLASSICO GRD VEG PRIMAVER,Type 3,Classico,4743.04,2.7511832946635733,1930
5100001598,PREGO SAUCE W/MUSHROOMS,Type 3,Prego,4738.76,4.3474862385321105,1194
1600047090,BISQUICK SHK PR BTMK PNK,Type 1,Bisquick,4735.67,1.4302839021443672,4647
3000005560,AUNT JEMIMA LITE SYRUP,Type 4,Aunt Jemima,4714.22,4.506902485659656,1080
1510000167,CREAMETTE ANGEL HAIR PSTA,Type 2,Creamette,4706.17,1.27573055028463,4670
5100002792,PREGO MEAT Type 3,Type 3,Prego,4522.74,3.2167425320056897,1636
7520000936,NRTHWDS BTR MPL FLV SYRUP,Type 4,Northwoods,4519.0,1.7911216805390409,2620
2920000350,MUELLER ELBO MACARONI,Type 2,Mueller,4489.69,1.9503431798436142,2878
9999967586,PRIVATE LABEL CORN SYRUP LITE,Type 4,Private Label,4405.639999999999,1.4959728353140915,3084
5390000032,CARY S SUGR FREE SYRUP,Type 4,Cary's,4358.94,3.5067900241351566,1326
9999981580,PRIVATE LABEL SPAG SCE TRADITION,Type 3,Private Label,4358.93,1.1611427810335644,5186
3620001376,RAGU ROBUSTO ITAL SAUSAGE,Type 3,Ragu,4341.29,1.5978248067721752,3233
3620001364,RAGU CHUNKY G/S MAMAS SCE,Type 3,Ragu,4335.49,1.7062140889413615,3038
4300000120,LOG CABIN SUGAR FREE,Type 4,Log Cabin,4227.56,2.421282932416953,1805
9999971297,PRIVATE LABEL CHNKY SAUC PEP MUS,Type 3,Private Label,4190.68,1.4601672473867597,3357
3000003660,A J COUNTRY RICH LT SYRUP,Type 4,Aunt Jemima,4169.75,1.9884358607534574,2177
4420930112,MRS BUTTERWORTH PANCAKE M,Type 1,Mrs Butterworth,4113.0,1.9337094499294782,2188
6172005010,KARO BLUE LABEL SYRUP,Type 4,Karo,4084.1,2.415198107628622,1825
4112907785,CLASSICO\TRIPLE MUSHROOM,Type 3,Classico,4067.24,2.7800683526999315,1627
9999985070,PRIVATE LABEL SALAD SHELLS,Type 2,Private Label,4054.36,0.9646347846776112,4965
4300000052,LOG CABIN LITE PITCHER PACK,Type 4,Log Cabin,4047.0,3.559366754617414,1179
7680852094,BARILLA GDN VEG Type 2 SCE,Type 3,Barilla,4038.37,2.4327530120481926,1899
3620001368,RAGU LT PARM ALFRDO SAUCE,Type 3,Ragu,4017.5099999999998,1.855662817551963,2650
3340061283,LGT N FLUFFY WIDE EGG NDL,Type 2,San Giorgio,4003.31,1.4648042444200513,3093
7468309949,EMERILS ROSTED GARLIC SCE,Type 3,Emeril's,3983.31,3.1192717306186375,1408
5100013827,PREGO THREE CHSE MARINARA,Type 3,Prego,3955.9,2.8036144578313253,1529
1510000011,CREAMETTE ELBO MACARONI,Type 2,Creamette,3945.5,2.183453237410072,1905
7680850108,BARILLA FARFALLE Type 2,Type 2,Barilla,3945.42,1.1088870151770658,4096
4420979224,M BTTRWRTH SYRUP ORIGINAL,Type 4,Mrs Butterworth,3938.19,2.450647168637212,1628
5100011464,PREGO MUSHROOM SUPREME SC,Type 3,Prego,3932.99,2.029406604747162,2165
9999971291,PRIVATE LABEL CHUNKY SPAGETTI SAUCE,Type 3,Private Label,3896.17,1.5516407805655117,3059
3905955112,SPRNG TREE SF MAPLE SYRUP,Type 4,Spring Tree,3890.33,3.1348348106365833,1309
3620000476,BERTOLLI VID ON W/RST GRL,Type 3,Bertolli,3859.99,3.1717255546425633,1341
9999981585,PRIVATE LABEL CLS ITL GRL&HRB SAUCE,Type 3,Private Label,3854.58,1.073699164345404,4596
7680851558,BARILLA LASAGNA OVEN READ,Type 2,Barilla,3852.85,1.9331911690918213,2892
7130000080,RONZONI CURLY LASAGNE NO,Type 2,Ronzoni,3793.2999999999997,1.835171746492501,2540
9999985036,PRIVATE LABEL SPAGHETTI Type 2,Type 2,Private Label Premium,3779.07,1.13111942532176,4221
2920000351,MUELLER THIN SPAGHETTI,Type 2,Mueller,3763.61,1.8893624497991968,2594
7680851698,BARILLA TORT THREE CHEESE,Type 2,Barilla,3747.64,3.0693202293202293,1446
9999985002,PRIVATE LABEL ELBOW MACARONI,Type 2,Private Label,3661.9900000000002,0.5712932917316693,7712
5100008725,PREGO X CKY GARDEN COMBO,Type 3,Prego,3611.69,2.9774855729596044,1336
3620000439,BERTOLLI OLV OIL&GRLC SCE,Type 3,Bertolli,3610.0299999999997,3.0828608027327067,1267
9999981584,PRIVATE LABEL SPAG SCE FOUR CHEE,Type 3,Private Label,3605.6800000000003,1.0959513677811552,4270
7520000976,NRTHWD MPL FLV SYRUP PLST,Type 4,Northwoods,3605.48,1.7434622823984527,2122
7680852138,BARILLA ITALIAN CHEESE SC,Type 3,Barilla,3598.36,2.4037140948563795,1716
2066200028,NEWMN OWN BOMBOLINA Type 2 SCE,Type 3,Newman's,3598.17,2.6594013303769404,1495
2700042232,CHUNKY TOMATO GARLC ONION,Type 3,Hunt's,3559.3,1.2397422500870778,3618
7680828098,BARILLA ROTINI,Type 2,Barilla,3543.81,1.107786808377618,3725
9999971292,PRIVATE LABEL SPAGETTI SCE W/MUSHRM,Type 3,Private Label,3495.61,1.4450640760644895,2778
601011293,BARILLA SWT PEPPER/GARLIC,Type 3,Barilla,3492.71,2.34410067114094,1721
7468300552,COZY COTTAGE S/F SYRUP,Type 4,Cozy Cottage,3480.35,1.6772771084337348,2247
3620000442,RAGU CHKY GAR SUN TOM/BSL,Type 3,Ragu,3468.71,1.8085036496350366,2239
3340061127,LIGHT N FLUFFY RAINBOW TW,Type 2,San Giorgio,3463.91,2.025678362573099,2243
4300000039,LOG CABIN ORIG SYRUP,Type 4,Log Cabin,3462.57,4.679148648648649,758
3620000475,BERTOLLI ALFREDO MSHRM SC,Type 3,Bertolli,3447.0,3.376101860920666,1142
3340060108,SAN GRGO SPAGHETTI,Type 2,San Giorgio,3443.3,1.2111501934576152,3542
3620000432,BERTOLLI FIVE CHEESE SCE,Type 3,Bertolli,3430.49,3.167580794090489,1196
9999985037,PRIVATE LABEL SPAGHETTINIType 2,Type 2,Private Label Premium,3424.98,1.1277510701350018,3868
2920000206,MUELLER ANGEL HAIR Type 2,Type 2,Mueller,3410.39,1.2055107811947685,4039
9999900443,PRIVATE LABEL BRUSCHETA W/ONIONS,Type 3,Private Label Premium,3406.03,1.8460867208672087,2198
7468309950,EMERILS KCKD UP TOMATO SC,Type 3,Emeril's,3387.01,3.1332192414431086,1189
3340060109,SAN GRGO THIN SPAGHETTI,Type 2,San Giorgio,3378.06,1.2112083183936895,3520
9999966720,PRIVATE LABEL SPAGHTTI SAUCE MEAT,Type 3,Private Label,3371.9500000000003,1.5531782588668817,2692
4112900005,CLSCO BASIL PESTO SAUCE,Type 3,Classico,3348.06,3.1115799256505574,1162
7130000081,RONZONI\OVEN RDY LASAGNE,Type 2,Ronzoni,3282.66,2.2120350404312665,2248
3620000493,BERTLI MED OLV W/SNDRD TM,Type 3,Bertolli,3280.46,3.017902483900644,1165
9999973093,PRIVATE LABEL FF Type 2 SC GRDN VEG,Type 3,Private Label,3261.77,1.5719373493975903,2543
9999985031,PRIVATE LABEL CAPELLINI ANGEL HAIR,Type 2,Private Label Premium,3260.37,1.146402953586498,3663
2920000104,MUELLER THIN SPAGHETTI,Type 2,Mueller,3257.25,0.6770421949698607,7008
7680851697,BARILLA RICOTTA SPINACH T,Type 2,Barilla,3256.75,2.871913580246914,1255
3000005350,A J BTRMLK COMP PNCK MIX,Type 1,Aunt Jemima,3228.98,1.3255254515599344,2488
2920000352,MUELLER REG SPAGHETTI,Type 2,Mueller,3223.37,1.8751425247236766,2228
7680828017,BARILLA LINGUINI Type 2,Type 2,Barilla,3189.7999999999997,1.264288545382481,3212
5100013826,PREGO Type 2 BAKE TOM/GAR/,Type 3,Prego,3187.59,2.736128755364807,1243
9999981582,PRIVATE LABEL SPAG SCE MEAT,Type 3,Private Label,3184.73,1.1069621133124783,3808
4119606056,PROGRESSO WHITE CLAM SCE,Type 3,Classico,3158.2400000000002,4.064658944658945,1061
7520000977,NORTHWDS MAPLE SYRUP,Type 4,Northwoods,3110.43,2.7356464379947227,1172
9999985132,PRIVATE LABEL YOLK FREE NOODLES,Type 2,Private Label,3098.39,1.1471269900037022,3159
9999981581,PRIVATE LABEL SPAG SCE MUSHROOM,Type 3,Private Label,3083.27,1.0613666092943201,3670
9999971309,PRIVATE LABEL HS SPAG SCAUCE W/MUSH,Type 3,Private Label,3062.81,1.4682694151486098,2452
9999968193,PRIVATE LABEL ORIG SPAG SC MUSHROOM,Type 3,Private Label,3017.91,2.784049815498155,1291
5100005043,PREGO THREE CHEESE Type 2,Type 3,Prego,3003.45,2.055749486652977,1664
3620000050,RAGU SAUCE O/W PLAIN,Type 3,Ragu,2993.94,1.574928984744871,2144
7680850738,BARILLA FETTUCCINE PSTA,Type 2,Barilla,2979.61,1.2261769547325103,3014
7151800024,HODG MILL WHO WHT SPIRALS,Type 2,Hodgson Mills,2939.2000000000003,1.817687074829932,1755
9999981175,PRIVATE LABEL X WIDE EGG NOODLES,Type 2,Private Label Value,2936.82,0.9689277466182779,3510
9999968192,PRIVATE LABEL ORIG SPAG SAUCE W/MT,Type 3,Private Label,2896.9,2.9560204081632655,1231
9999985133,PRIVATE LABEL SPAGHETTI,Type 2,Private Label,2857.87,0.5676007944389275,7341
4420930142,MRS BTRWRTH PCAKE MIX COM,Type 1,Mrs Butterworth,2841.57,1.922577807848444,1517
7130000008,RONZONI SPAGHETTI #8,Type 2,Ronzoni,2831.05,1.2335729847494554,3024
7173000715,NO YOLKS EXTRA BROAD NOOD,Type 2,No Yolks,2821.0,2.0309575233981283,1508
7173000720,NO YOLKS DUMPLINGS NOODLE,Type 2,No Yolks,2769.8399999999997,2.1290084550345885,1480
5100013830,PREGO HEARTY MEAT SAUCE,Type 3,Prego,2754.9900000000002,2.7772076612903227,1072
9999985028,PRIVATE LABEL RIGATONI,Type 2,Private Label,2715.27,1.0246301886792453,3298
7680851708,BARILLA JUMBO SHELS 12 OZ,Type 2,Barilla,2691.82,1.6060978520286397,2024
3620000471,BERTOLLI MUSHROOM&GRLC SC,Type 3,Bertolli,2678.92,3.075683122847302,938
7468309946,EMERIL HOMESTYLE MARINA R,Type 3,Emeril's,2655.73,3.2949503722084366,916
5100002548,PREGO SPAG SAUCE PLAIN,Type 3,Prego,2654.75,1.608939393939394,1790
9999981583,PRIVATE LABEL CLS ITL RSTD GRLC&ON,Type 3,Private Label,2617.34,1.0473549419767907,3110
3905972884,SPRING TREE MAPLE SYRUP,Type 4,Spring Tree,2615.94,4.178817891373802,670
2920000218,MUELLER VERMICELLI,Type 2,Mueller,2614.7000000000003,1.100462962962963,3365
2920000103,MUELLER ELBOWS,Type 2,Mueller,2610.22,0.6530447835876907,5586
1480071124,GRANDMA MOLASES-YELOW,Type 4,Grandma Molases,2604.9700000000003,2.4528907721280606,1157
3000005550,C**AUNT JEMIMA LITE SYRUP,Type 4,Aunt Jemima,2593.29,2.472154432793136,1057
9999971884,PRIVATE LABEL IMITATION TABLE SYRUP,Type 4,Private Label Value,2573.48,1.6953096179183136,1592
7130000009,RONZONI\THIN SPAG NOODLES,Type 2,Ronzoni,2570.7400000000002,1.1663974591651545,2808
5100005045,PREGO ZESTY MUSH/X SPICY,Type 3,Prego,2569.11,2.1197277227722773,1415
9999971308,PRIVATE LABEL HS SPAG SCAUCE W/BEEF,Type 3,Private Label,2553.45,1.5029134785167744,2038
7468309945,EMERIL SCE PEPR PSTA,Type 3,Emeril's,2536.33,2.990955188679245,911
1510002702,HEALTHY HARVEST SPAHETTI,Type 2,Healthy Harvest,2532.71,1.8090785714285715,1670
9999973094,PRIVATE LABEL FF Type 2 SC CHKY MUSH,Type 3,Private Label,2524.82,1.5537353846153847,1986
5100001210,PREGO MUSH & GRN PEPPER S,Type 3,Prego,2524.22,2.0707301066447905,1412
5390000031,CARY SUGARFREE SYRUP,Type 4,Cary's,2489.16,2.2404680468046805,1129
2066200265,NEWMAN SPAG SCE TOM/GRLC,Type 3,Newman's,2478.8500000000004,2.6314755838641193,1064
1510000256,CREAMETTE ROTINI MACARONI,Type 2,Creamette,2470.75,1.1754281636536632,2433
2700042254,HUNT SPAG SAUCE ITL SAUS,Type 3,Hunt's,2421.89,1.265355276907001,2429
7468300310,MAPLE GROVE SYRUP DRK AMB,Type 4,Maple Grove,2393.12,6.104897959183673,413
9999966721,PRIVATE LABEL SPAG SAUCE MUSHROOM,Type 3,Private Label,2391.37,1.489022415940224,1918
9999985038,PRIVATE LABEL FETTUCCINE SPAGHETI,Type 2,Private Label Premium,2387.76,1.1452086330935254,2648
9999985048,PRIVATE LABEL FARFALLE BOWTIES,Type 2,Private Label Premium,2383.81,1.059942196531792,2631
7173000722,NO YOLKS X BRD EGG NOODLE,Type 2,No Yolks,2347.38,1.0674761255115963,2802
7468309947,EMERILS VODKA SAUCE,Type 3,Emeril's,2345.13,3.1605525606469005,836
7680851709,BARILLA MANICOTTI,Type 2,Barilla,2338.16,1.6069828178694157,1765
4112900006,CLASSICO SUN DRIED TOMATO,Type 3,Classico,2308.4900000000002,3.0738881491344876,805
3800007268,KELLOGG EGGO BUTTERY SYRU,Type 4,Kellogg,2286.54,3.1625726141078836,731
9999985032,PRIVATE LABEL LINGUINE SPAGHETTI,Type 2,Private Label Premium,2253.62,1.195554376657825,2443
6172005210,KARO WAFFLE SYRUP,Type 4,Karo,2253.62,2.374731296101159,1022
4144900110,KRUSTEAZ COMP BM PANCAKE,Type 1,Krusteaz,2250.48,2.2893997965412005,1016
3620001510,RAGU HEARTY ITAL TOM SCE,Type 3,Ragu,2243.78,3.457288135593221,758
5100012014,PREGO MUSHROOM PARMSAN,Type 3,Prego,2235.88,2.043765996343693,1231
9999967739,PRIVATE LABEL LITE PANCAKE SYRUP,Type 4,Private Label,2231.23,2.8030527638190956,845
3620000489,RAGU RBST ITALIAN MEAT,Type 3,Ragu,2211.88,1.6743981831945496,1511
1510000017,CRMET LONG SPAG,Type 2,Creamette,2178.59,0.8296230007616147,3525
5100012909,PREGO RED PEPPER/GRLIC,Type 3,Prego,2164.64,1.9750364963503648,1213
3620000492,FIVE BROS GARLIC ALFREDO,Type 3,Bertolli,2161.24,2.944468664850136,834
7680828071,BARILLA MOSTACCIOLI,Type 2,Barilla,2148.64,1.1851296194153336,2249
7130000002,RONZONI CUT ZITI,Type 2,Ronzoni,2081.73,1.2166744593804792,2035
9999985165,PRIVATE LABEL BOWTIES,Type 2,Private Label,2078.89,1.1105181623931624,2189
5150002682,SMUCKER BLUEBRY FRUIT SYR,Type 4,Smuckers,2075.77,2.5252676399026766,842
7680851917,BARILLA ELBOW Type 2,Type 2,Barilla,2075.75,1.104709952102182,2124
5100012013,(S)PREGO RICOTTA PARMESAN,Type 3,Prego,2058.94,1.991237911025145,1136
3620001879,BERTOLLI BASIL DCD SPICE,Type 3,Ragu,2043.53,3.1487365177195685,680
4300000036,LOG CABIN ORIG SYRUP,Type 4,Log Cabin,2034.94,2.299367231638418,892
5100010546,PREGO RST GARLIC PARMESAN,Type 3,Prego,2031.7,1.9899118511263467,1121
7680850295,BARILLA MINI PENNE Type 2,Type 2,Barilla,2029.62,1.1473261729790842,2048
9999969367,PRIVATE LABEL LT CORN SYRUP PLASTIC,Type 4,Private Label,2020.03,2.9662701908957416,805
9999985047,PRIVATE LABEL PENNE RIGATE,Type 2,Private Label Premium,2007.6299999999999,1.077054721030043,2242
5100013281,PREGO MINI MEATBALL Type 2,Type 3,Prego,1999.45,2.054933196300103,1112
1510000003,CREAMETTE JUMBO ELBOW MAC,Type 2,Creamette,1998.53,1.2359492888064316,1896
5390002025,CARYS PURE MAPLE SYRUP,Type 4,Cary's,1989.0,6.08256880733945,350
1510000162,CREAMETTE SPAGHETTI,Type 2,Creamette,1978.49,2.1670208105147863,990
1160000004,ALAGA REAL CANE FLV SYRUP,Type 4,Alaga,1976.99,2.844589928057554,726
3250046100,WH LILY BM PANCAKE MIX,Type 1,White Lily,1939.2,1.013166144200627,3213
7680850294,(S)BARILLA RIGATONI Type 2,Type 2,Barilla,1915.76,1.2179020979020978,1947
3800007266,KELL EGGO SYRUP ORIGINAL,Type 4,Kellogg,1913.68,3.142331691297209,612
3340060980,LIGHT N FLUFFY X-WIDE NOODLES,Type 2,San Giorgio,1910.4,1.0607440310938367,2081
9999985134,PRIVATE LABEL LINGUINE,Type 2,Private Label,1888.18,1.0607752808988764,2290
7680851613,BARILLA ELBOW Type 2,Type 2,Barilla,1865.97,1.0899357476635514,2044
9999981142,PRIVATE LABEL Type 2 SCE TOMATO BASIL,Type 3,Private Label Premium,1861.37,2.828829787234042,736
7173000716,NO YOLKS BROAD EGG NOODLE,Type 2,No Yolks,1851.24,2.032096597145993,988
1510000236,CREAMETTE PENNE RIGATE,Type 2,Creamette,1840.05,1.1330357142857144,1860
7173000729,NO YOLKS DMPLNGS EGG NDLS,Type 2,No Yolks,1834.39,1.0899524658348188,2191
1510000073,CREAMETTE SHELL MEDIUM,Type 2,Creamette,1834.03,1.1893839169909208,1794
7680851699,BARILLA PORCINI MUSHRM TO,Type 2,Barilla,1829.1100000000001,2.857984375,699
3620000494,BERTOLLI Type 2 RSTD RD PR,Type 3,Bertolli,1827.8999999999999,3.146127366609294,627
5100013829,PREGO Type 2 BAKE SAUC,Type 3,Prego,1826.97,2.682775330396476,717
9999985050,PRIVATE LABEL FUSILLI-ROTINI-SPRL,Type 2,Private Label Premium,1825.66,1.0273832301631964,2041
9999985766,PRIVATE LABEL ITALIAN TRI COLORE CRE,Type 2,Private Label Premium,1822.0,2.2084848484848485,934
4144900186,KRUSTEAZ BELGIAN WAFFLE,Type 1,Krusteaz,1805.15,2.3627617801047123,804
2700042292,HUNTS LIGHT TRAD SPAG SCE,Type 3,Hunt's,1743.27,1.3216603487490524,1773
7130000063,RONZONI TRI COLOR ROTINI,Type 2,Ronzoni,1724.78,1.7690051282051282,1194
7520000980,NRTHWDS LITE RED CAL SYRU,Type 4,Northwoods,1711.48,1.5891179201485608,1103
9999985130,PRIVATE LABEL RST GARLIC & HERB THIN,Type 2,Private Label Premium,1706.4,2.133,938
9999984346,PRIVATE LABEL PANCAKE & WAFFLE MIX,Type 1,Private Label Premium,1698.77,2.166798469387755,818
9999970114,PRIVATE LABEL DARK CORN SYRUP,Type 4,Private Label,1686.4299999999998,1.6664328063241105,1167
7130000017,RONZONI LINGUINE NO 17,Type 2,Ronzoni,1683.21,1.1937659574468085,1766
7130000035,RONZONI ELBOW MACARONI,Type 2,Ronzoni,1672.76,1.1465113091158328,1734
9999984381,PRIVATE LABEL FARFALLE BOX,Type 2,Private Label,1662.1,1.0184436274509803,1898
1510002582,PEN DTCH KLUSKI EGG NDLES,Type 2,Pennsylvania Dutch,1661.45,2.1577272727272727,1003
9999981174,PRIVATE LABEL SPAGHETTI,Type 2,Private Label Value,1653.78,2.0854728877679696,845
7130000066,RONZONI BOW TIES,Type 2,Ronzoni,1647.06,1.1098787061994608,1676
7520000912,RDNBRY CANE PTCH SYRUP,Type 4,Northwoods,1645.06,1.863035107587769,924
7520000937,NRTHWDS BTR MPL FLV SYRUP,Type 4,Northwoods,1642.4,1.1421418636995828,1487
9999985093,PRIVATE LABEL ORZO MACARONI,Type 2,Private Label Premium,1624.79,1.1731335740072202,1623
7130000075,RONZONI ROTINI,Type 2,Ronzoni,1615.35,1.1171161825726141,1664
7130000022,RONZONI MEDIUM SHELLS,Type 2,Ronzoni,1604.71,1.1245339873861249,1679
4144900128,KRUSTEAZ BLUEBRY PANCAKE,Type 1,Krusteaz,1578.38,2.3314327917282127,697
9999908441,PRIVATE LABEL ELBOW MACARONI,Type 2,Private Label Value,1556.46,2.176867132867133,795
7130000135,RONZONI FETTUCCINE FLORENTINE,Type 2,Ronzoni,1524.48,1.6845082872928177,1055
9999985046,PRIVATE LABEL PENNE LISCE MOSTACCIO,Type 2,Private Label Premium,1521.54,1.056625,1701
7130000136,RONZONI\ROASTED GAR FETT,Type 2,Ronzoni,1505.12,1.7875534441805225,961
3340060983,LIGHT N FLUFFY WIDE NOODLES,Type 2,San Giorgio,1500.79,1.0697006414825374,1617
2920000215,MUELLERS SEA SHELL,Type 2,Mueller,1496.24,1.2510367892976588,1576
9999981143,PRIVATE LABEL VID ONION/PEPPER SAUCE,Type 3,Private Label Premium,1491.78,2.7222262773722625,594
2066200021,NEWMN OWN MARINARA W/MSHRM SCE,Type 3,Newman's,1474.08,2.7918181818181815,587
7151800026,HOD MILL VEGGIE ROTINI,Type 2,Hodgson Mills,1447.89,2.2587987519500783,741
2920000205,MUELLER FETTUCCINE Type 2,Type 2,Mueller,1443.2,1.143581616481775,1749
3340060709,SAN GIORGI THIN SPAGHETTI,Type 2,San Giorgio,1440.6299999999999,0.7720418006430868,2731
9999973863,PRIVATE LABEL LT CORN SYRUP PLASTIC,Type 4,Private Label,1418.13,2.942178423236515,576
7520000984,OLD PLANTATION MOLASSES,Type 4,Northwoods,1414.06,2.037550432276657,749
7680851700,BARILLA RICOTTA ASPARAGUS,Type 2,Barilla,1410.79,2.771689587426326,536
1510000027,CREAMETTE X-WIDE NOODLE,Type 2,Creamette,1406.99,1.69109375,893
7130000036,RONZONI CVTPPI ELBW TWIST,Type 2,Ronzoni,1406.37,0.9974255319148936,1750
7130000010,RONZONI VERMICELLI #10,Type 2,Ronzoni,1376.49,1.2213753327417924,1461
9999985054,PRIVATE LABEL CAMPANELLE,Type 2,Private Label Premium,1372.34,1.0105596465390279,1527
3340060110,SAN GIORGIO VERMICELI,Type 2,San Giorgio,1361.63,1.3005062082139447,1424
7130000076,RONZONI PENNE RIGATE,Type 2,Ronzoni,1360.9,1.1256410256410256,1429
9999985058,PRIVATE LABEL DITALLINI MACARONI,Type 2,Private Label Premium,1353.67,1.142337552742616,1356
7130000088,RONZONI SPAGHETTI,Type 2,Ronzoni,1349.7,0.8747245625405056,2272
7130000124,RONZONI ROTELLE,Type 2,Ronzoni,1348.71,1.1314681208053692,1377
2920000703,MUELLER O/F EGG NDL WIDE,Type 2,Mueller,1344.86,1.0681969817315329,1664
4146031120,PIONEER NF BTRMLK PNCK MX,Type 1,Pioneer,1332.69,1.8432780082987552,782
2920000153,MUELLERS TRI COLOR TWISTS,Type 2,Mueller,1326.46,1.1811754229741764,1651
3250041100,WHT LILY BLUBRY PNCK MIX,Type 1,White Lily,1321.46,1.152101133391456,1749
7130000001,RONZONI ZITI RIGATI,Type 2,Ronzoni,1304.94,1.217294776119403,1300
4112907790,CLASSICO SWEET BASIL MARI,Type 3,Classico,1303.99,2.904209354120267,489
1510000013,CREAMETTE VERMICELLI,Type 2,Creamette,1295.3999999999999,1.2863952333664348,1257
9999985039,PRIVATE LABEL BUCATINI PERCIATELLI,Type 2,Private Label Premium,1295.18,1.2772978303747535,1436
9999981141,PRIVATE LABEL Type 3 6 CHEESE,Type 3,Private Label Premium,1278.65,2.80405701754386,510
7680852009,BARILLA FIORI SHORT CUT,Type 2,Barilla,1276.94,1.0914017094017094,1306
7173000728,NO YOLKS BROAD EGG NOODLE,Type 2,No Yolks,1269.18,1.0403114754098362,1513
7130000027,RONZONI\RIGATONI NOODLES,Type 2,Ronzoni,1265.26,1.2502569169960474,1281
7520000974,NRTHWDS MPL FLV SYRUP,Type 4,Northwoods,1262.48,1.1435507246376813,1183
7680852180,BARILLA SPAGHETTI RIGATI,Type 2,Barilla,1257.48,1.178519212746017,1354
7680851433,BARILLA CAMPANELLE Type 2,Type 2,Barilla,1257.07,1.1075506607929515,1245
1800028035,HNGRY JK COMP BTRMLK 4PK,Type 1,Hungry Jack,1256.85,1.9981717011128775,645
9999972255,PRIVATE LABEL LITE PANCAKE SYRUP,Type 4,Private Label,1253.84,1.3778461538461537,916
9999984489,PRIVATE LABEL BLK OLIVE TAPENADE,Type 3,Private Label Premium,1251.17,4.0754723127035835,317
4800105230,KARO GREEN LABEL SYRUP,Type 4,Karo,1244.8899999999999,4.576801470588235,287
1510002700,HEALTHY HARVEST ROTINI,Type 2,Healthy Harvest,1239.05,1.6950068399452805,815
9999985488,PRIVATE LABEL ITAL NESTED ANGEL HAIR,Type 2,Private Label Premium,1231.48,2.6655411255411257,486
6414404236,CHEF PIZZA SAUCE CHEESE,Type 3,Chef Pizza,1226.27,1.916046875,915
1800028066,H J BUTTERMILK PANCK MIX,Type 1,Hungry Jack,1215.45,2.1979204339963836,561
9999981140,PRIVATE LABEL 3 MUSHROOM Type 3,Type 3,Private Label Premium,1202.39,2.7141986455981946,487
9999985056,PRIVATE LABEL CAVATAPPI Type 2,Type 2,Private Label Premium,1199.19,1.071662198391421,1341
4800105110,KARO RED LABEL SYRUP,Type 4,Karo,1196.79,2.3059537572254336,549
9999981144,PRIVATE LABEL GARLIC/SUNTOMATO SAUCE,Type 3,Private Label Premium,1159.3,2.8002415458937198,460
1800028063,H J PANCAKE ORIGINAL MIX,Type 1,Hungry Jack,1158.1499999999999,2.20180608365019,545
7680850643,(S)BARILLA GEMELLI Type 2,Type 2,Barilla,1147.42,1.095912129894938,1207
9999985131,PRIVATE LABEL IMPORTED LASAGNA,Type 2,Private Label Premium,1134.36,2.7008571428571426,518
2920000812,MUELR MED EGG NOODLE,Type 2,Mueller,1132.17,1.6243472022955525,870
2920000217,MUELLERS ROTINI TWISTS,Type 2,Mueller,1109.06,1.156475495307612,1265
9999981586,PRIVATE LABEL BRUSCHETTA ORIGINAL,Type 3,Private Label Premium,1098.31,3.4109006211180124,337
4800105210,KARO WAFFLE SYRUP,Type 4,Karo,1097.54,2.3963755458515283,473
7130000086,RONZONI MOSTACCIOLI RGATI,Type 2,Ronzoni,1079.7,1.3296798029556651,951
7680851798,BARILLA MEDIUM SHELLS,Type 2,Barilla,1070.8799999999999,1.0730260521042083,1208
2920000771,MUELLERS BOW TIES,Type 2,Mueller,1063.1599999999999,1.0870756646216768,1324
9999985137,PRIVATE LABEL ITALIAN MANICOTTI,Type 2,Private Label Premium,1044.35,1.743489148580968,733
4149000246,PENNANT WAFFLE SYRUP,Type 4,Pennant,1038.5,2.496394230769231,432
3000005950,AUNT JEM SYRUP REG,Type 4,Aunt Jemima,1038.37,2.392557603686636,437
4732530205,MUELLER MINI PENNE,Type 2,Mueller,1033.71,1.0712020725388602,1270
4149000101,BOB WHT GOLDEN SYRUP,Type 4,Pennant,1030.82,1.933996247654784,610
566300028,MILLER CANE SYRUP,Type 4,Miller,1023.9300000000001,3.1122492401215807,367
9999985049,PRIVATE LABEL RIGATONI(MANICHE R),Type 2,Private Label Premium,1015.51,1.0861069518716577,1135
7468300009,MGF HNY BUCKWHEAT PNCK MX,Type 1,Maple Grove,995.48,2.9627380952380955,366
3340061126,LIGHT N FLUFFY RIPPLETS,Type 2,San Giorgio,993.8199999999999,1.4217739628040056,823
1510000026,CRMET EGG NOODLES-WIDE,Type 2,Creamette,991.16,1.7327972027972027,625
3340060198,SAN GIORGIO N/EGG FETTCCN,Type 2,San Giorgio,990.88,1.3247058823529412,930
2400033503,BRER RABBIT GOLD MOLAS,Type 4,Brier Rabbit,983.2900000000001,2.4520947630922696,429
9999985053,PRIVATE LABEL CONCHIGLIE RIGATE SHL,Type 2,Private Label Premium,982.02,1.0402754237288134,1108
3620004153,CARB OPTIONS DBL CHDR SCE,Type 3,Ragu,977.23,3.1831596091205214,327
7151800023,H M WHL WHEAT FETTUCCINI,Type 2,Hodgson Mills,956.88,2.0489935760171307,522
2920000216,MUELLERS READY CUT,Type 2,Mueller,948.9100000000001,1.2026742712294045,1078
3620004155,CARB OP RAGU GARDEN STYLE,Type 3,Ragu,935.8700000000001,3.1405033557046984,313
6172005230,KARO GREEN LABEL SYRUP,Type 4,Karo,917.8499999999999,4.543811881188119,211
4800105010,KARO BLUE LABEL SYRUP,Type 4,Karo,911.61,2.463810810810811,399
9999985059,PRIVATE LABEL STARS MACARONI,Type 2,Private Label Premium,894.68,1.0924053724053724,888
4420930321,M BTTRWRTH PCKE MX OLD F,Type 1,Mrs Butterworth,881.0500000000001,1.653001876172608,555
1800028036,HNGRY JK BLUEBRY COMP 4PK,Type 1,Hungry Jack,878.89,2.0250921658986174,444
7468300008,MPL GRV PANCKE MIX BTR/HN,Type 1,Maple Grove,859.98,2.8955555555555557,316
7680852007,BARILLA PIPETTE Type 2,Type 2,Barilla,857.01,1.1336111111111111,877
3620004152,CARB OPTIONS ALFREDO SCE,Type 3,Ragu,856.1300000000001,3.1826394052044615,287
7130000020,RONZONI ANGEL HAIR Type 2,Type 2,Ronzoni,852.57,1.1352463382157125,941
3340060208,SAN GRGO SPAGHETTI,Type 2,San Giorgio,832.0500000000001,2.2795890410958908,407
1510000014,CREAMETTE ROTINI RAINBOW,Type 2,Creamette,822.51,1.165028328611898,824
5150002683,SMUCKER BOYSENBERRY SYRUP,Type 4,Smuckers,818.86,2.504159021406728,338
9999985040,PRIVATE LABEL GEMELLI MACARONI,Type 2,Private Label Premium,807.63,1.047509727626459,894
5150002681,SMUCKERS BLACKBERRY SYRUP,Type 4,Smuckers,793.91,2.488746081504702,323
7173000731,NO YOLKS FINE EGG NOODLES,Type 2,No Yolks,789.64,1.1874285714285715,946
9999981588,PRIVATE LABEL TAPENADE-GRN OLV&TOM,Type 3,Private Label Premium,783.1,3.8014563106796118,216
7468300312,VERMONT 100% PURE MAPLE SYRUP,Type 4,Maple Grove,777.34,8.637111111111112,96
1760004476,BRUCES SWT POT PANCK MX,Type 1,Bruce's,769.11,4.069365079365079,219
9999973092,PRIVATE LABEL FF Type 2 SC TOM&HERB,Type 3,Private Label,761.94,1.5423886639676114,612
2400033523,SOBRAB BKSTRP MOLASSES,Type 4,Sobrab Bkstrp,758.41,2.0665122615803813,399
1510000327,CREAMETTE BOW TIES,Type 2,Creamette,755.17,1.1635901386748844,771
1510002701,CRMET HLTHY HRVST ELBOWS,Type 2,Healthy Harvest,751.78,1.6743429844097995,486
7130000141,RONZONI LMN PPR ANGL HAIR,Type 2,Ronzoni,749.67,1.7353472222222222,496
4149001111,BOB WHT CRYS WHT SYR PLST,Type 4,Pennant,738.55,3.0022357723577233,279
4149080982,PENNANT LITE SYRUP,Type 4,Pennant,735.1,2.475084175084175,306
7151802022,HODGSON BUTERMILK PANC,Type 1,Hodgson Mills,727.2,2.2867924528301886,336
1800000959,PILL H J LTE BUTTER SYRUP,Type 4,Hungry Jack,718.62,3.422,214
7151800020,H M WHL WHT EGG NOODLES,Type 2,Hodgson Mills,691.55,2.0044927536231882,365
5150002685,SMUCKER STRAWBERRY SYRUP,Type 4,Smuckers,661.39,2.6668951612903227,259
4149000247,PENNANT SYRUP BTR MAPLE,Type 4,Pennant,653.46,2.4202222222222223,272
7151800018,H M WHL WHT ELBOW MACARONI,Type 2,Hodgson Mills,641.74,1.8387965616045845,364
7582281003,CLASSIQUE FARE BELGN WAFF MIX,Type 1,Classique,641.38,3.8405988023952093,204
3340060833,SAN GRGO MANICOTTI,Type 2,San Giorgio,641.11,1.991024844720497,388
9999985215,PRIVATE LABEL GEMELLI,Type 2,Private Label,638.69,1.0219040000000001,677
8721601002,MICHELES BUTTER PECAN SYR,Type 4,Michele's,635.89,3.8077245508982034,169
8532801985,CANDONI PESTO CLASSICO,Type 3,Candoni,635.49,4.3526712328767125,151
4149000102,BOB WHT CRYST WHT SYRUP,Type 4,Pennant,621.75,1.6987704918032787,368
3340060179,SAN GRGO RIPPLED LASAGNA,Type 2,San Giorgio,620.24,1.9815974440894568,358
4119606063,PROGRESSO RED CLAM SAUCE,Type 3,Classico,619.9399999999999,3.387650273224043,226
9999985055,PRIVATE LABEL TORTIGLIONI PSTA,Type 2,Private Label Premium,610.9,1.069877408056042,695
9999985066,PRIVATE LABEL ACINI DE PEPE SOUP CUT,Type 2,Private Label Premium,584.89,1.1792137096774193,602
7130000012,RONZONI ANGEL HAIR Type 2,Type 2,Ronzoni,581.65,1.3685882352941177,521
1510000401,CREAMETTE FETTUCCINE,Type 2,Creamette,580.78,1.2252742616033754,576
7130000011,RONZONI CAPELLINI,Type 2,Ronzoni,569.25,1.3816747572815533,487
9999985045,PRIVATE LABEL ORECCHIETTE MACARON,Type 2,Private Label Premium,568.74,0.982279792746114,625
7130000140,RONZONI TOM BSL LINGUINE,Type 2,Ronzoni,562.36,1.6159770114942529,370
2066200266,NEWMANS OWN VODKA SAUCE,Type 3,Newman's,554.65,2.705609756097561,219
7151802024,HODGSON  BUCKWHEAT PAN,Type 1,Hodgson Mills,549.4,2.206425702811245,265
1510002703,HEALTHY HARVEST THIN SPAG,Type 2,Healthy Harvest,549.34,1.976043165467626,329
9999985217,PRIVATE LABEL ALPHABETS,Type 2,Private Label,541.59,1.0536770428015565,572
6172005140,KARO LITE RD CORN SYRUP,Type 4,Karo,518.68,4.3955932203389825,124
1510000072,CREAMETTE KDS CLB TWISTS,Type 2,Creamette,515.0699999999999,1.07755230125523,524
8016301100,DEFINO NO BOIL LASAGNA,Type 2,Defino,507.45,2.7729508196721313,255
2800069180,MAGGI SPAETZLE IMPORT,Type 2,Maggi Spaetzle,505.15999999999997,4.470442477876106,138
4112907787,CLASSICO TOMATO ALFREDO,Type 3,Classico,499.35,2.9373529411764707,188
9999908446,PRIVATE LABEL SPAGHETTI,Type 2,Private Label Value,493.90999999999997,2.0928389830508474,250
4800105140,KARO LITE RD CORN SYRUP,Type 4,Karo,485.26,4.493148148148148,114
9999969754,PRIVATE LABEL HM STY SPAG SCE REG,Type 3,Private Label,476.08,1.5065822784810126,437
9999969755,PRIVATE LABEL HM STY SPAG SCE MUSH,Type 3,Private Label,472.3,1.4622291021671827,407
1600047120,BISQ.SHAKE&POUR PANCAKE-O,Type 1,Bisquick,465.52000000000004,1.3896119402985077,428
7130000126,RONZONI GERMELLI,Type 2,Ronzoni,440.8,1.1881401617250673,417
7468309948,EMERILS PUTTANESCA SAUCE,Type 3,Emeril's,434.19,3.169270072992701,153
9999985003,PRIVATE LABEL LEMON PEPPER PENNE RIG,Type 2,Private Label Premium,429.84,2.11743842364532,230
1330052501,M W FLAPSTAX BTRMLK-POUCH,Type 1,M W Flapstax,417.45,1.1759154929577464,615
2409407007,DECECCO LINGUINE,Type 2,Dececco,407.58,2.4405988023952094,192
1510000018,CRMET VERMICELLI,Type 2,Creamette,402.71999999999997,0.8679310344827585,692
1510000048,CREAMETTE THIN VERMICELLI,Type 2,Creamette,401.57,1.8764953271028038,234
2409407012,DECECCO SPAGHETTI    16OZ,Type 2,Dececco,399.34,2.480372670807453,196
8721601001,MICHELES MAPLE CREME SYRU,Type 4,Michele's,393.72,3.9372000000000003,104
8721601000,MICHELES HONEY CREME SYRU,Type 4,Michele's,390.41,3.827549019607843,103
7130000047,RONZONI ORZO NO 47,Type 2,Ronzoni,388.92,1.2230188679245284,367
7065070052,NOTTA Type 2 LINGUINE,Type 2,Notta,388.44000000000005,2.9427272727272733,156
9999981173,PRIVATE LABEL ELBOW MACARONI,Type 2,Private Label Value,380.26,2.0444086021505377,196
7680851829,BARILLA TRI-COLOR ROTINI,Type 2,Barilla,377.21000000000004,1.3052249134948097,356
2920000164,MUELLER Type 2 RUFFLES,Type 2,Mueller,364.32,0.9663660477453581,517
9999981587,PRIVATE LABEL BRUSCHETA W/ONIONS,Type 3,Private Label Premium,354.97,3.348773584905661,109
2409407009,DECECCO CAPELLINI    16OZ,Type 2,Dececco,354.28,2.567246376811594,172
8147534789,AL DENTE SPINACH FETTUCINI,Type 2,Al Dente,354.17,4.118255813953488,93
1510000069,CREAMETTE KDS CLB ELBOW S,Type 2,Creamette,353.09,1.1244904458598726,344
4149000002,PENNANT WAFFLE SYRUP,Type 4,Pennant,340.20000000000005,1.35,252
8283244016,MOONLITE SORGHUM,Type 4,Moonlite,339.56,4.2445,84
7151800017,*HODGE WHEAT LASAGNA,Type 2,Hodgson Mills,338.97,1.8727624309392266,213
3340060171,SAN GIORGIO FARFALLE,Type 2,San Giorgio,337.84,1.4376170212765957,272
1600047110,BISQ SHK N PR BLUBRY PNCK,Type 1,Bisquick,332.92,1.2854054054054054,308
3340060175,SAN GRGO MOST RIGATI,Type 2,San Giorgio,309.28,1.3160851063829786,271
3340061152,SAN GRGO JUMBO SHELLS,Type 2,San Giorgio,297.54,2.187794117647059,162
9999969753,PRIVATE LABEL HM STY SPAG SCE MEAT,Type 3,Private Label,294.13,1.5645212765957446,226
1510000039,CREAMETTE MOSTACCIOLI,Type 2,Creamette,293.61,1.2441101694915255,275
1510000016,CREAMETTE WAGON WHEELS,Type 2,Creamette,293.53,1.1034962406015036,279
3340061198,SAN GRGO FETTUCCINI NDLS,Type 2,San Giorgio,288.35,2.1202205882352945,169
7067000751,DAVINCI ANGEL HAIR NESTS,Type 2,DaVinci,285.87,1.743109756097561,179
5100013828,PREGO MUSRM GAR&ONION SCE,Type 3,Prego,284.16,2.8134653465346537,108
3340060708,SAN GIORGI SPAGHETTI,Type 2,San Giorgio,278.54,0.734934036939314,588
9999985216,PRIVATE LABEL ORZO,Type 2,Private Label,276.74,1.1388477366255145,289
3340060177,SAN GIORGI TRIO ITALIANO,Type 2,San Giorgio,274.78,1.4694117647058822,227
4112907776,CLSCO SAUCE FLORENTINE,Type 3,Classico,272.54,2.9623913043478263,106
8532801989,CNDO PESTO/SUNDRIED TOMS,Type 3,Candoni,267.33000000000004,4.112769230769231,67
7306000210,HSE HERB BLKSTRP MOLASSES,Type 4,HSE,263.31,2.8620652173913044,99
3620001374,RAGU ROBUSTO TOM O/OIL GA,Type 3,Ragu,237.74,1.686099290780142,151
2066200026,NWMN DIAVOLO SPCY SMR SCE,Type 3,Newman's,231.91,3.0118181818181817,95
4732530208,ITALIAN MOSTACCIOLI,Type 2,Mueller,231.73999999999998,1.0164035087719296,316
9999908451,PRIVATE LABEL X WIDE EGG NOODLES,Type 2,Private Label Value,229.5,0.9444444444444444,282
2066200035,NEWMN OWN GARLIC&PPR SCE,Type 3,Newman's,226.56,2.9423376623376623,88
2409407041,DECECCO PENNE RIGATE 16OZ,Type 2,Dececco,218.0,2.247422680412371,110
7171000670,R&F KLUSKI NOODLES,Type 2,R&F,213.17999999999998,2.960833333333333,102
5150002684,SMUCK RED RASPBERRY SYRUP,Type 4,Smuckers,211.38,2.6096296296296297,82
601011301,BARILLA LASAG&CASS SAUCE,Type 3,Barilla,208.19,3.652456140350877,77
7107201136,ALESSI RASP WHT BALSAMIC,Type 2,Alessi,203.38,2.9054285714285712,79
2409407093,DECECCO FARFALLE BOW TIES,Type 2,Dececco,195.76,2.10494623655914,94
4300000066,LOG CABIN CNTRY KIT SYRUP,Type 4,Log Cabin,194.97,2.532077922077922,83
3620001367,RAGU PARMESAN & MOZZ,Type 3,Ragu,194.48,2.068936170212766,112
2409407118,DECECCO ZITA MACARONI,Type 2,Dececco,193.28,2.477948717948718,92
1480071116,GRANDMA MOLASES-GREEN,Type 4,Grandma Molases,192.4,3.154098360655738,80
2409407006,DECECCO FETTUCINI,Type 2,Dececco,191.56,2.5205263157894735,94
3340060135,SAN GRGO ELBOW MACARONI,Type 2,San Giorgio,186.52,1.1730817610062894,193
2409407024,DE CECCO Type 2 RIGATONI,Type 2,Dececco,178.34,2.702121212121212,86
601011294,BARILLA ARRABBIATA SPCY P,Type 3,Barilla,172.24,2.7780645161290325,68
9690600226,MOM S Type 3 ORIG,Type 3,Mom's,171.55,8.5775,25
7067000840,DAVINCI REGULR TORTELLINI,Type 2,DaVinci,168.91,2.815166666666667,74
3905931733,SPRTR SUGAR FREE SYRUP,Type 4,Spring Tree,167.2,1.92183908045977,90
4420929012,M BTTRWRTH LITE SYRUP,Type 4,Mrs Butterworth,161.92000000000002,2.416716417910448,67
6971911131,PATTY  MARINARA SAUCE,Type 3,Patsy's,159.8,8.410526315789474,20
4380045005,CONTADINA MARINARA SAUCE,Type 3,Buitoni,155.76,4.450285714285714,46
2409407034,DECECCO FUSILLI      16OZ,Type 2,Dececco,155.41,2.0721333333333334,79
2409407040,DECECCO PENNE REGATE 16OZ,Type 2,Dececco,154.54,2.3415151515151513,76
7067000735,DA VINCI FARFALLE MEDIA B,Type 2,DaVinci,150.56,1.185511811023622,154
1600015760,BC PANCAKE MIX BUTTERMILK,Type 1,Bisquick,144.19,1.1722764227642277,171
7067000726,DAVINCI\Type 2 SPAGHETTI,Type 2,DaVinci,138.68,1.4151020408163266,117
8147532456,AL DENTE EGG FETTUCINI,Type 2,Al Dente,126.57000000000001,4.219,33
7468330800,MPL GRV PURE SYRP JUG,Type 4,Maple Grove,124.83000000000001,7.801875000000001,17
7067000843,DAVINCI MULTCLR TORTELLIN,Type 2,DaVinci,123.66,2.7479999999999998,54
5390002015,CARY PURE MAPLE SYRUP,Type 4,Cary's,120.62,4.020666666666667,30
7067000725,DA VINCI SPAG/VERMICELLI,Type 2,DaVinci,119.45,1.3272222222222223,105
7680851437,BARILLA CELLENTANI Type 2,Type 2,Barilla,119.44,1.2572631578947369,109
3191900520,FIFTY 50 REDUCD CAL SYRUP MPLE,Type 4,Fifty 50,118.75,2.761627906976744,45
1510000042,CREAMETTE SPAGHETTI THIN,Type 2,Creamette,113.64,2.1853846153846153,55
5150004231,SMUCKERS SUGARFREE MAPLE,Type 4,Smuckers,111.7,2.482222222222222,46
3340061193,SAN GRGO FETTUCCINI FLORENTINE,Type 2,San Giorgio,111.21,2.2695918367346937,60
4300000026,LOG CABIN SYRUP REG,Type 4,Log Cabin,108.19000000000001,3.49,31
923100005,BOVES VODKA PSTA SAUCE,Type 3,Boves,107.68,4.8945454545454545,22
2409407011,DECECCO SPAGHETTINI  16OZ,Type 2,Dececco,106.47,2.218125,63
923100001,BOVES MARINARA PSTA SCE,Type 3,Boves,104.98,5.2490000000000006,22
566300023,PINE MOUNTAIN SYRUP,Type 4,Pine Mountain,103.39,3.9765384615384614,31
7107201237,ALESSI PESTO SAUCE,Type 3,Alessi,102.61,3.5382758620689656,29
7067000841,DAVINCI SPINCH TORTELLINI,Type 2,DaVinci,102.5,2.5,45
7680851398,BARILLA ORZO Type 2,Type 2,Barilla,96.76,1.2731578947368423,88
9690602324,MOM S Type 2 SCE SPCL M,Type 3,Mom's,95.82,7.984999999999999,14
8147557893,AL DENTE BASIL FETTUCINE,Type 2,Al Dente,94.45,3.778,25
4800105515,GOLDEN GRIDDLE SYRUP ORIG,Type 4,Karo,93.31,3.588846153846154,26
7067000722,DA VINCI FETTUCCINE,Type 2,DaVinci,92.53999999999999,1.2852777777777777,81
3915341401,COLAVITA MARINARA PSTA SCE,Type 3,Colavita,91.74,3.8225,26
8147582014,AL DENTE FIESTA FETTUCINE,Type 2,Al Dente,89.67,3.898695652173913,23
7067000732,DA VINCI ROTELLE WAGON WH,Type 2,DaVinci,89.66,1.1954666666666667,86
6971911121,PATSY S MARINARA SAUCE,Type 3,Patsy's,89.62,5.271764705882354,18
1800063130,PILL HJ BM BULK PANCAKE,Type 1,Hungry Jack,87.12,2.178,40
601011295,BARILLA\BL GRN OLIVE SCE,Type 3,Barilla,85.92,2.454857142857143,37
4380045008,BUITONI TOM/GRLC/ON SAUCE,Type 3,Buitoni,85.35,3.55625,25
7067000742,DA VINCI JUMBO SHELLS,Type 2,DaVinci,85.1,2.5787878787878786,34
4747900014,RAOS CUORE POMODORO SAUCE,Type 3,Raos,80.89,8.089,11
3340061125,LGHT N FLFY MACARONI DUMP,Type 2,San Giorgio,76.57000000000001,2.0694594594594595,46
111112360,VINCENT S ORIG MARINARA S,Type 3,Vincent's,74.67,8.296666666666667,13
7209800100,M WEISS X-FINE NOODLES,Type 2,Mrs Weiss,72.85000000000001,1.8679487179487182,47
7067000721,DA VINCI LASAGNA 16 OZ,Type 2,DaVinci,72.29,2.7803846153846155,31
6971911531,PATSYS VODKA SAUCE 24 OZ,Type 3,Patsy's,71.91,7.989999999999999,9
3340060751,SAN GIORGIO SHELLS,Type 2,San Giorgio,70.15,0.7882022471910113,155
3261211705,SUGAR BUSTER SPIRALS,Type 2,Sugar Buster,69.66,2.6792307692307693,29
7171000159,R&F CURLY LASAGNA,Type 2,R&F,68.7,2.748,30
8147591234,AL DENTE 3 PEPPER FETTUCI,Type 2,Al Dente,68.22,4.26375,18
4300000064,COUNTRY KITCHEN\ LITE 64,Type 4,Log Cabin,67.69,2.1835483870967742,31
7209800200,MRS WEISS KLUSKI NOODLES,Type 2,Mrs Weiss,67.5,1.6875,50
3915321265,COLAVITA CAPELLINI NIDI,Type 2,Colavita,67.03999999999999,1.9154285714285713,36
7171000177,RF MANICOTTI,Type 2,R&F,66.41,2.7670833333333333,29
7067000723,DA VINCI LINGUINE,Type 2,DaVinci,66.17999999999999,1.2726923076923076,57
3261211702,SUGAR BUSTER SPAGHETTI,Type 2,Sugar Buster,66.07,2.6428,28
7067000738,DA VINCI SPINACH NESTS,Type 2,DaVinci,65.01,1.547857142857143,44
7067000731,DAVINCI CONCHI SEA SHELLS,Type 2,DaVinci,63.37,1.1316071428571428,68
789310201,ELENAS BASILICATA SAUCE,Type 3,Elena's,62.910000000000004,7.8637500000000005,9
3340061192,SAN GRGO GRLC&HRB FETTCNI,Type 2,San Giorgio,62.220000000000006,2.393076923076923,30
1800063630,PILL HNG JCK X LT COMP PNCK MX,Type 1,Hungry Jack,62.21,2.1451724137931034,29
1488650005,DELL AMORE FRSH BASL G,Type 3,Dell Amore,62.01,7.75125,9
4380045001,BUITONI MARINARA SAUCE,Type 3,Buitoni,60.41,2.1574999999999998,29
2100077260,KRAFT 5 PK MAC & CHEESE,Type 2,Kraft,57.400000000000006,11.48,5
1510000049,CREAMETTE MANICOTTI,Type 2,Creamette,57.3,1.8483870967741935,38
1112900013,GLDN EAGLE SYRUP REG,Type 4,Golden Eagle,57.17,1.9056666666666666,33
8147599847,AL DENTE GARLIC PARSLEY,Type 2,Al Dente,56.55,3.77,15
4800105040,KARO BLUE SYRUP,Type 4,Karo,56.55,4.35,13
7067000727,DA VINCI RIGATONI,Type 2,DaVinci,56.35,1.225,50
5100014987,PREGO SPAG SAUCE MEAT,Type 3,Prego,56.15,2.0796296296296295,29
6971911331,PATSYS FRA DIAVOTO SAUCE,Type 3,Patsy's,55.93,7.99,7
3915331267,COLAVITA SPINACH NEST,Type 2,Colavita,55.55,2.314583333333333,25
1510000160,SO CREAMETTE JUMBO SHELLS,Type 2,Creamette,54.9,2.033333333333333,37
7107200324,ALESSI Type 2 CASARECCI,Type 2,Alessi,53.540000000000006,5.354000000000001,16
923100002,BOVES RSTD GRL SCE 26 OZ,Type 3,Boves,53.39,5.339,11
2810003300,MOTHERS FINE EGG NOODLES,Type 2,Mother's,51.199999999999996,1.5999999999999999,40
7518100817,EDD OG VEG ALPHABETS,Type 2,Eddie,50.79,2.673157894736842,21
3915341441,COLAVITA PUTTANESCA SCE,Type 3,Colavita,50.67,3.897692307692308,13
2066200019,NEWMANS SAY CHEESE PAS,Type 3,Newman's,50.53,2.972352941176471,20
4146031105,PIONEER CMPLT BTRMLK PNCK,Type 1,Pioneer,49.75,2.4875,25
6971911221,PATSY TOM/BASIL Type 2 SCE,Type 3,Patsy's,48.099999999999994,5.344444444444444,10
3340060128,SAN GRGO CUT ZITE,Type 2,San Giorgio,47.92,1.198,46
6971911521,PATSY VODKA Type 3,Type 3,Patsy's,44.91,4.989999999999999,9
8147590123,AL DENTE SESAME LINGUINI,Type 2,Al Dente,43.790000000000006,3.9809090909090914,11
6971911421,PATSY PUTTANESCA SAUCE,Type 3,Patsy's,43.709999999999994,4.856666666666666,9
7209800102,WEISS W NOODLES 9297,Type 2,Mrs Weiss,43.4,1.6074074074074074,28
4380045007,BUITONI GARDEN VEG SAUCE,Type 3,Buitoni,42.97,3.3053846153846154,13
8134212307,ROSELLI S MARINARA SPAG S,Type 3,Roselli,42.96,3.58,14
5861006232,BROTHERS SPAGHETTI SAUCE,Type 3,Brother's,42.9,3.064285714285714,14
7680850112,BARILLA CONCHIGLIE PSTA,Type 2,Barilla,42.129999999999995,1.2037142857142855,49
4078498650,SAN MARZANO MARINARA SCE,Type 3,San Marzano,41.32,5.165,8
6971911231,PATSYS TOMATO BASIL SAUCE,Type 3,Patsy's,39.95,7.99,5
3915341421,COLAVITA FREE MARINARA,Type 3,Colavita,39.489999999999995,4.387777777777777,11
9546900713,SINATRAS PESTO SAUCE,Type 3,Sinatra's,36.510000000000005,4.0566666666666675,9
7067000740,DAVINCI CUT ZITI,Type 2,DaVinci,34.86,1.291111111111111,31
7067000736,DA VINCI CANNELONI MANICOTTI,Type 2,DaVinci,34.53,2.302,17
6971911321,PATSY FRA-DIAVOLO SAUCE,Type 3,Patsy's,34.53,4.932857142857143,7
7067000733,DA VINCI ROSE MARIA ORZO,Type 2,DaVinci,33.47,1.0142424242424242,38
3340060123,SAN GRGO RIGATONI,Type 2,San Giorgio,31.91,1.387391304347826,26
7171000225,R&F SPAGHETTI-POLY,Type 2,R&F,31.7,1.761111111111111,25
7067000739,DA VINCI FETTUCCINE NESTS,Type 2,DaVinci,31.419999999999998,1.428181818181818,23
8134212308,ROSELLI S MEAT SPAG SCE,Type 3,Roselli,31.39,4.484285714285714,11
1160000413,ALAGA YELL LBL HNY FLV SY,Type 4,Alaga,31.080000000000002,2.8254545454545457,12
5100014985,PREGO ITALIAN SAUSAGE,Type 3,Prego,30.89,1.930625,16
7079670001,CENTO WHITE CLAM SAUCE,Type 3,Cento,30.57,3.3966666666666665,13
8147572543,AL DENTE LEMON CHIVE FETT,Type 2,Al Dente,30.42,3.8025,8
7680828083,BARILLA MINI RIGATONI {A},Type 2,Barilla,29.12,1.0785185185185187,33
7151800025,HODGSON SEMO VEGGIE BO,Type 2,Hodgson Mills,29.09,2.2376923076923076,15
7468300007,MGF BLUEBERRY PANCAKE MIX,Type 1,Maple Grove,28.790000000000003,2.8790000000000004,10
7067000877,DA VINCI ITL ORG BOWTIES,Type 2,DaVinci,28.73,1.69,17
3915321268,COLAVITA FETUCCINE NEST,Type 2,Colavita,28.65,2.3874999999999997,15
2409437012,DECECCO SPINACH SPAGHETTI,Type 2,Dececco,28.49,3.1655555555555552,11
5100014986,PREGO REG SPAGHETTI SAUCE,Type 3,Prego,26.89,1.9207142857142858,15
4300000115,LOG CABIN BUTTER SYRUP,Type 4,Log Cabin,25.83,3.69,7
7130000122,RONZONI TRIO ITALIANO,Type 2,Ronzoni,25.740000000000002,1.1700000000000002,26
1800063550,PB HJ BTR MLK PANCAKE,Type 1,Hungry Jack,25.61,2.8455555555555554,11
7754482500,OSEM BISSLI FALAFEL,Type 1,Osem Bissli,25.39,1.2695,31
9546900714,SINATRAS ALFREDO SAUCE,Type 3,Sinatra's,23.740000000000002,3.956666666666667,6
7030500701,HOWARDS PURE MAPLE SYRUP,Type 4,Howard's,23.54,3.9233333333333333,6
923100003,BOVES CHNTI MSHR PSTA SCE,Type 3,Boves,23.450000000000003,4.69,5
6971941100,PATSY RSTD YLW/RED PEPPER,Type 3,Patsy's,23.37,7.79,3
8147571687,AL DENTE RED CHILI PEPPER FETT,Type 2,Al Dente,23.34,3.89,6
2400033513,BRER RABBIT\DARK MOLASSES,Type 4,Brier Rabbit,21.7,2.17,10
8147546297,AL DENTE TOMATO FETTICINE,Type 2,Al Dente,21.45,4.29,5
9999971055,PRIVATE LABEL 5 CHEESE Type 3,Type 3,Private Label Premium,20.92,1.901818181818182,11
1510000004,CRMET SHELLS SMALL,Type 2,Creamette,20.81,0.9909523809523809,31
1488688462,DELL AMORE SCE BSL/GRLC,Type 3,Dell Amore,20.76,6.920000000000001,4
2409427041,DE CEC PENNE RGT WH WHEAT,Type 2,Dececco,20.72,2.59,8
2409427007,DECECCO LINGUINI,Type 2,Dececco,20.72,2.59,8
2409437034,DE CECCO SPINACH FUSILLI,Type 2,Dececco,20.72,3.453333333333333,8
1488650001,DELL AMORE ORG RECPT SCE,Type 3,Dell Amore,20.669999999999998,6.89,3
2810003301,MOTHERS MEDM EGG NOODLES,Type 2,Mother's,20.439999999999998,2.0439999999999996,16
7067000875,DA VINCI ITL ORG PENNE,Type 2,DaVinci,20.28,1.6900000000000002,12
7067000872,DA VINCI ITL ORG FETTUCIN,Type 2,DaVinci,20.28,2.2533333333333334,12
7067000871,DAVINCI ORG SPAGHETTI,Type 2,DaVinci,19.73,1.7936363636363637,12
4300000051,LOG CABIN LITE SYRUP,Type 4,Log Cabin,19.47,2.163333333333333,9
3340060150,SAN GRGO LG SHELLS,Type 2,San Giorgio,18.57,1.6881818181818182,15
2409427012,DEC WHOLE WHEAT SPAGHETTI,Type 2,Dececco,18.13,2.59,7
4300000113,CNTRY KITCHEN\BTTER SYRUP,Type 4,Log Cabin,17.82,1.98,9
3915341436,COLAVITA FF MSHRM SCE,Type 3,Colavita,17.75,3.55,5
566300035,PINE MOUNTAIN SYRUP,Type 4,Pine Mountain,17.52,2.19,8
1140060206,GOOCH SOY ENRCH SPAGH,Type 2,Gooch,16.46,4.115,4
7107200320,ALESSI Type 2 ORECCHIETTE,Type 2,Alessi,16.45,3.29,5
3340061147,SAN GRGO ALPHABETS,Type 2,San Giorgio,16.45,1.645,11
4380045006,BUITONI MUSHROOM SAUCE,Type 3,Buitoni,16.25,4.0625,5
4112907755,CLASSICO SUN DRIED TOMATO,Type 3,Classico,16.15,2.6916666666666664,6
6971911431,PATSYS PUTTANESCA SCE 24Z,Type 3,Patsy's,15.98,7.99,2
7067000876,DA VINCI ITL ORG ROTINI,Type 2,DaVinci,15.209999999999999,1.9012499999999999,9
789310106,ELENA SEMPLICE PMODORO,Type 3,Elena's,14.97,4.99,3
7079691000,BELLINO FLY PREPARE SPAG SCE,Type 3,Bellino,14.76,3.69,4
7067000729,DAVINCI RIGATE MOSTACO,Type 2,DaVinci,14.75,1.475,15
3915341402,COLAVITA HOT TOMATO SC,Type 3,Colavita,14.36,3.59,4
5346901004,DAVES ORG RSTD GAR&SWT BS,Type 3,Dave's,13.98,6.99,2
3915341423,COLAVITA FF GARDEN SCE,Type 3,Colavita,13.959999999999999,4.653333333333333,4
6971941400,PATSY ROASTED ONION 12 OZ,Type 3,Patsy's,13.780000000000001,6.890000000000001,2
9690602524,MOMS PUTTANESCA SCE 24 OZ,Type 3,Mom's,13.04,6.52,2
4420930139,M BTTRW BMC MIX PP1.69,Type 1,Mrs Butterworth,12.99,1.8557142857142856,7
2409427034,DE CEC FUSILLI WHL WHEAT,Type 2,Dececco,12.95,2.59,5
7468300313,MAPLE GROVE PURE DK MA,Type 4,Maple Grove,12.78,6.39,2
7171000138,R&F MOSTACCIOLI Type 2,Type 2,R&F,12.61,1.57625,9
4747900027,RAOS Type 2 LINGUINE,Type 2,Raos,11.97,3.99,3
7067000728,DA VINCI FUSILLI SPRINGS,Type 2,DaVinci,11.879999999999999,0.9899999999999999,12
7546203425,DEL ALPE TRI CLR TORTELLINI,Type 2,Dell Alpe,11.45,2.8625,5
7331643210,ENRICO SPAGH SAUCE-N/S,Type 3,Enrico,10.47,3.49,3
7489000110,LYLES GOLDEN SYRUP TIN,Type 4,Lyles,10.47,5.235,3
2409437041,DECECCO Type 2 SPIN PEN RI,Type 2,Dececco,10.36,2.59,4
8532801991,CNDO PESTO MEDITERRANEAN,Type 3,Candoni,10.280000000000001,5.140000000000001,2
789310101,ELENAS BASIL&GARLIC SAUCE,Type 3,Elena's,9.98,4.99,2
789310108,ELENAS FORMAGGIO SAUCE,Type 3,Elena's,9.98,4.99,2
6806202137,ORZO ITALType 2,Type 2,Orzo,9.95,1.9899999999999998,5
7107200322,ALESSI CAVATELLI Type 2,Type 2,Alessi,9.870000000000001,3.2900000000000005,3
7151800022,HODGSON WW SPINACH SPA,Type 2,Hodgson Mills,9.75,1.95,5
7546203435,DEL ALPE CHEESE RAVIOLINI,Type 2,Dell Alpe,9.16,2.29,4
7546203825,DEL ALPE SPNCH/EGG ANG,Type 2,Dell Alpe,8.86,2.215,4
3620000661,RAGU TRAD SPAGH SCE PLAIN,Type 3,Ragu,8.58,4.29,2
7224825064,AMORE PESTO IN TUBES,Type 3,Amore,8.38,4.19,2
7546203836,DEL ALPE PARSLEY PARM,Type 2,Dell Alpe,8.16,4.08,4
6971911731,PATTY PIZZAILO SAUCE,Type 3,Patsy's,7.99,7.99,1
4747900026,RAOS Type 2 SPAGHETTI,Type 2,Raos,7.98,3.99,2
7935400232,SAND MOUNTAIN REGULAR SORGHUM,Type 4,Sand Mountain,7.98,3.99,2
4747900037,RAOS Type 2 STROZZAPPRETI,Type 2,Raos,7.98,3.99,2
5100012912,PREGO HAMBURGER Type 2 SCE,Type 3,Prego,7.96,1.99,4
7680851696,BARILLA WIDE EGG NOODLES,Type 2,Barilla,7.93,1.9825,7
6971941200,PATSY ROASTED EGGPLANT,Type 3,Patsy's,7.79,7.79,1
4823910502,WALNUT ACRES ORG MARN SCE,Type 3,Walnut Acres,7.7,3.85,2
7065070053,NOTTA Type 2 FETTUCCINE,Type 2,Notta,7.470000000000001,2.49,3
7488820201,MAYA HOLLNDAISE SCE MX,Type 3,Mayacmas,7.45,1.8625,5
2810003304,MOTHERS NO YLK WD EGG NOD,Type 2,Mother's,7.34,1.468,6
3915341403,COLAVITA GARDEN STYLE,Type 3,Colavita,7.18,3.59,2
3915341416,COLAVITA MUSHROOM SCE,Type 3,Colavita,7.18,3.59,2
7468390200,LOG CABIN SYRUP,Type 4,Maple Grove,6.99,6.99,1
5346901003,DAVES WLD MSHRM PSTA SCE,Type 3,Dave's,6.99,6.99,1
5346901002,DAVES SCE ORGNC RD HEIRLM,Type 3,Dave's,6.99,6.99,1
5346901001,DAVES GLDN HRLM PSTA SCE,Type 3,Dave's,6.99,6.99,1
7067000697,DAVINCI FUSILE TRI COLOR,Type 2,DaVinci,6.949999999999999,2.3166666666666664,5
1510000044,CRMET THIN SPAGHETTI,Type 2,Creamette,6.789999999999999,0.9699999999999999,11
7914730169,DARIELLE ELBOWS Type 2,Type 2,Darielle,6.58,6.58,2
7914730119,DARIELLE PENNE Type 2,Type 2,Darielle,6.58,3.29,2
7151800030,H M WHL WHT RADIATORE 16Z,Type 2,Hodgson Mills,6.36,1.59,4
2810003302,MOTHERS WIDE EGG NOODLES,Type 2,Mother's,6.35,1.5875,5
2924300500,LA MODERNA FIDEO COIL PST,Type 2,La Moderna,6.29,1.258,7
8798480301,CUCINA V G POTATO/SPINACH,Type 2,Cucina,5.98,2.99,2
7680851695,BARILLA EXTRA WIDE EGG NO,Type 2,Barilla,5.96,1.9866666666666666,4
6566712285,ANNIE CHNS THAI BASL NDLE,Type 2,Annie Chns,5.78,2.89,2
2432142429,POMI MARINARA SAUCE,Type 3,Pomi,5.58,2.79,2
923100004,BOVES RMNO PMDRA PSTA SCE,Type 3,Boves,5.49,5.49,1
7092004128,KNOTTS BOYSENBERRY SYRUP,Type 4,Knott's,5.38,2.69,2
9999971694,PRIVATE LABEL VIDALIA ON&FRPEP,Type 3,Private Label Premium,5.38,1.345,4
2409437007,DECECCO SINACH LINGUINE,Type 2,Dececco,5.18,2.59,2
8939710379,RAC FIRE RST SPC PPRS 3Z,Type 3,RAC,4.98,2.49,2
7065070051,ARLOWE SPAG NOTTA Type 2,Type 2,Arlow,4.98,2.49,2
6971911721,PATSY PIZZALOLA SAUCE,Type 3,Patsy's,4.89,4.89,1
8134212301,ROSELLI MARINARA SPAG SCE,Type 3,Roselli,4.779999999999999,2.3899999999999997,2
7067000749,DAVINCI VARITY TRI COLOR,Type 2,DaVinci,4.7700000000000005,1.59,3
7079670002,CENTO CLAM SAUCE RED,Type 3,Cento,4.68,2.34,2
8616800120,MLINOTST FINE NOODLES,Type 2,Mlinotst,4.58,2.29,2
7546203420,DELL ALPE TORTELLINI 7 OZ,Type 2,Dell Alpe,4.58,2.29,2
8616800119,MLINOTST WIDE NOODLES,Type 2,Mlinotst,4.38,2.19,2
7140303303,FERRARA JUMBO SHELLS BXD,Type 2,Ferrara,4.28,2.14,2
7546203832,DEL ALPE LEM PEP LINGUINE,Type 2,Dell Alpe,4.18,2.09,2
4747900040,RAOS Type 2 CASERECCE,Type 2,Raos,3.99,3.99,1
7140300201,FERRARA WHITE CLAM SAUCE,Type 3,Ferrara,3.98,1.99,2
4163100055,LUND SWEDE PANCAKE MIX,Type 1,Lund Swede,3.98,3.98,2
2418201158,EDEN TAMARI SAUCE      ED,Type 2,Eden,3.85,3.85,1
3340060148,SAN GRGO ACINI DI PEPE,Type 2,San Giorgio,3.78,1.89,2
7171000134,R&F VERMICELLI,Type 2,R&F,3.67,1.2233333333333334,3
3738401016,DAVINCI CHOCOLATE SYRUP,Type 4,DaVinci,3.59,3.59,1
2920000102,MUELLER SPAGHETTI,Type 2,Mueller,3.54,0.885,6
1800000951,HUNGRY JACK LITE SYRUP,Type 4,Hungry Jack,3.49,3.49,1
2472200003,ANNARINO MEAT SAUCE,Type 3,Annarino,3.49,3.49,1
3915341422,COLAVITA FF HOT SCE,Type 3,Colavita,3.49,3.49,1
2472200004,ANNARINO MEATLESS SAUCE,Type 3,Annarino,3.49,3.49,1
3915321270,COLAVITA WIDE NEST,Type 2,Colavita,3.48,1.74,2
2706457001,VITA SPELT WHOLE GRAIN EGG NOO,Type 2,Vita,3.29,3.29,1
4817210042,CARA NONA PSTA GNOCCONI,Type 2,Cara Nona,2.99,2.99,1
3340006504,RONZONI HH PENNE RIGATE,Type 2,Ronzoni,2.98,1.49,2
7021812015,Type 2RISO BRN RICE SPAG,Type 2,Type 2riso,2.95,2.95,1
6566711853,ANNIE CHNS SPCY HUN NDLE,Type 2,Annie Chns,2.89,2.89,1
7140303210,FERRARA GNOCCHI W/POTATO,Type 2,Ferrara,2.59,2.59,1
3687101163,FARM STYLE EGG NDL WIDE CUT,Type 2,Farm Style,2.49,2.49,1
4817210044,CARA NONA PSTA ARMONICHE,Type 2,Cara Nona,2.49,2.49,1
7546203826,DEL ALPE ANGEL HAIR 8 OZ,Type 2,Dell Alpe,2.29,2.29,1
7546203812,DELL ALPE SPNCH FETTUCINE,Type 2,Dell Alpe,2.29,2.29,1
1112600720,FASTSHAKE BLUEBERRY,Type 1,Fastshake,2.25,0.75,3
7546203820,DEL ALPE BASIL/GRLC LINQUINE,Type 2,Dell Alpe,1.99,1.99,1
3340006500,RONZONI H H ROTINI,Type 2,Ronzoni,1.99,1.99,1
7520000967,RODDENBERY LT CORN SYURP,Type 4,Northwoods,1.99,1.99,1
3915321163,COLAVTA PSTA LONG FUSILLI,Type 2,Colavita,1.99,1.99,1
7546203834,DEL ALPE HOT FETT ARRA,Type 2,Dell Alpe,1.99,1.99,1
7140303309,FERRARA CAPELLINI Type 2,Type 2,Ferrara,1.98,1.98,2
5100015194,PREGO MUSHROOM SPAG SAUCE,Type 3,Prego,1.79,1.79,1
1112600710,FASTSHAKE PANCAKE MIX BTR,Type 1,Fastshake,1.78,0.89,2
7488810119,MAYACMAS PESTO SAUCE,Type 3,Mayacmas,1.69,1.69,1
2920000813,MUELLER O/F EGG NDL WIDE,Type 2,Mueller,1.69,1.69,1
2920000753,MUELLER O/F EGG NOODLES,Type 2,Mueller,1.69,1.69,1
2409407054,DE CECCO ROTELLO WHEEL 54,Type 2,Dececco,1.69,1.69,1
2409407050,DE CECCO CONCHIGLIE RIGATTI 50,Type 2,Dececco,1.69,1.69,1
3340060176,SAN GRGO ROTINI,Type 2,San Giorgio,1.5,0.75,3
7546203734,DELL ALPE FUSILLI,Type 2,Dell Alpe,1.49,1.49,1
566300029,MILLER CANE SYRUP,Type 4,Miller,1.49,1.49,1
9999971687,PRIVATE LABEL Type 2 SCE GRLC/SUNDRIE,Type 3,Private Label Premium,1.2,0.6,2
7140303340,FERRARA PENNE MOSTACCIOLI,Type 2,Ferrara,1.19,1.19,1
3340061282,LGT N FLUFFY MED EGG NDLS,Type 2,San Giorgio,1.15,1.15,1
2682500951,LA RUSSA REGULAR EGG NOODLE PL,Type 2,La Russa,1.07,1.07,1
7067000741,DA VINCI ROTINI,Type 2,DaVinci,0.89,0.89,1
3340060125,SAN GIORGIO ROTELLE,Type 2,San Giorgio,0.5,0.5,1
